{"style_loss_G":0.609375,"_step":0,"D_real":0.49771660566329956,"_timestamp":1.7328076926283178e+09,"_runtime":11.216975,"total_loss":92.76284790039062,"D_fake":0.30408984422683716,"G_loss":92.75675964355469,"dice_score_G_val":0.609,"_wandb":{"runtime":11}}